b'RT Narendra Modi won\xe2\x80\x99t stop hugging world leaders no matter how awkward it is. #ModiEmbarrassesIndia https://t.co/qZJwg7tDYh',b'RT Narendra Modi These are the 3 greatest threats to civilization https://t.co/O6mFV4plIB #wef18 https://t.co/jAL6bLJVQK',b'Asean-India Commemorative Summit Modi govt looks for closer maritime ties to counter #China https://t.co/2X07Zj8KqK https://t.co/BT1OOHdiFj',b'RT The Indian middle-class while voting for Modi and BJP never thought that their own kids will one day be targeted by the t\xe2\x80\xa6',b'RT World leaders are taking some not-so-subtle swipes at during the #WorldEconomicForum #Davos2018 https://t\xe2\x80\xa6',"b""RT #MUFC's latest no.7 follows in the footsteps of some club legends... #Alexis7 https://t.co/gbnXMTopvM""",b'Duterte arrives in India set to meet with PM Modi https://t.co/hYPfUmr9Yf https://t.co/q6aB2hOJrn',b'RT A reporter watched Padmavaat &amp feeling bad for Khilji So we know what Bhansali did But Nothing justify #KarniSenaViolence\xe2\x80\xa6',"b'RT Trump reportedly uses ""accent to imitate Indian Prime Minister Narendra Modi https://t.co/4kVrLjc4Aj'","b""RT _ Modi has weakened India's position on every front our neighbours are at war with us economy is in hell society into chao\xe2\x80\xa6""",b'This is the same case with Narendra Modi supporters. The cause is more impor https://t.co/bvP0aREdRN',b'RT 7 43yr Old Weaver Mallesham invented low cost \xe2\x80\x9cLaxmi Asu Machine which processes Yarn &amp reduces time taken to weave a \xe2\x80\x9cPo\xe2\x80\xa6',b'RT Countdown Padmaavat Modi govt will not tolerate Karni Sena targeting kids says Suresh Prabhu in Davos https://t.co/sQS\xe2\x80\xa6',b'RT Master list =&gt 32 Companies Creating Jobs Growing the Economy Due to Tax Reform https://t.co/4xAZo57xl8 https://t.co/ojLxZmr\xe2\x80\xa6',b'RT @_nandamhatre Modi says \xe2\x80\x9cRupee was worth a US dollar at Independence. Wrong It was worth 30 cents.#ModiEmbarrassesIndi',b'RT #ModiEmbarrassesIndia Has Modi not embarrassed India enough by calling respected former PM Dr Singh a traitor Now he\xe2\x80\xa6',b'RT Unrelated India\xe2\x80\x99s Population is 134 Crores But 600 Crore Indians voted for Modi Government https://t.co/dgKetPmTFV',b'RT The world over the media grills their leaders With PM Modi the media seems to go weak in their knees #DaroMat https://t.c\xe2\x80\xa6',b'Duterte arrives in India set to meet with PM Modi https://t.co/hYPfUmr9Yf https://t.co/bbn74UsESr',b'RT During Manmohan\xe2\x80\x99s times TV channels used to run campaign through out the day blasting Govt as and when petrol prices went\xe2\x80\xa6',b'RT A reporter watched Padmavaat &amp feeling bad for Khilji So we know what Bhansali did But Nothing justify #KarniSenaViolence\xe2\x80\xa6',b'RT Shoe hurled at Owaisi at rally where he accused Modi of targeting Sharia through Triple Talaq Law On Media debates he talk\xe2\x80\xa6',"b""RT Why School kids targeted Ahead of #Padmaavat's release mob attacks school bus in Gurugram Shame on you #KarniSena #K\xe2\x80\xa6""",b'Sir they arn\xe2\x80\x99t Rajputs Brahmins Upper/lower caste or anything All free out of job/no job people wo https://t.co/GUk7PX7grc',b'RT The Indian middle-class while voting for Modi and BJP never thought that their own kids will one day be targeted by the t\xe2\x80\xa6',b'RT The Indian middle-class while voting for Modi and BJP never thought that their own kids will one day be targeted by the t\xe2\x80\xa6',"b""RT Why School kids targeted Ahead of #Padmaavat's release mob attacks school bus in Gurugram Shame on you #KarniSena #K\xe2\x80\xa6""","b""RT Why School kids targeted Ahead of #Padmaavat's release mob attacks school bus in Gurugram Shame on you #KarniSena #K\xe2\x80\xa6""","b""RT Through focused &amp concrete steps here is how Modi Government is improving the 'Ease of Living' Share your experiences too\xe2\x80\xa6""",b'RT The world over the media grills their leaders With PM Modi the media seems to go weak in their knees #DaroMat https://t.c\xe2\x80\xa6',b'RT Here is my speech at #IndiaMeansBusiness https://t.co/aNfEUmR5yZ https://t.co/mRzY393fkH',b'Chamchas of Magician modi Shame',b'RT The Indian middle-class while voting for Modi and BJP never thought that their own kids will one day be targeted by the t\xe2\x80\xa6',b'RT The Indian middle-class while voting for Modi and BJP never thought that their own kids will one day be targeted by the t\xe2\x80\xa6',b'RT As India falls in employment Inclusive growth &amp green indices &amp rises in inequality farmers suicide violence abuse fak\xe2\x80\xa6',b'RT _com Rahul Gandhi scores a self-goal while trying to attack Narendra Modi over wealth inequality https://t.co/1rHme0Npyb',b'RT Modi has done a great service to the nation by not preaching pakodanomics to the world leaders. It would have led to fu\xe2\x80\xa6',b'RT During Manmohan\xe2\x80\x99s times TV channels used to run campaign through out the day blasting Govt as and when petrol prices went\xe2\x80\xa6',b'RT Modi preached globalization and environmental protection to world leaders in Davos Meanwhile he has promoted protectionist\xe2\x80\xa6',b'Modi at Davos PM\xe2\x80\x99s plenary address stirringly defends globalisation now deliver at home https://t.co/WMUkbQYiXg',b'RT While Modi ji was boasting in Davos and telling foreigners to invest in India the US issued a travel advisory against it.\xe2\x80\xa6',"b""RT Why School kids targeted Ahead of #Padmaavat's release mob attacks school bus in Gurugram Shame on you #KarniSena #K\xe2\x80\xa6""",b'RT Swedish feminist mother was dating an Afghan child refugee. He sexually molested her 12 year old daughter. The mother r\xe2\x80\xa6',b'RT Trump imitates Modi\xe2\x80\x99s Indian accent during Oval Office meetings report claims https://t.co/Ait1p7xasI https://t.co/9waHKHX0uq',"b'RT Liberals appreciating Kejriwal for maintaining law and under situation in Delhi #Padmavat If something happens tomorrow,\xe2\x80\xa6'","b""RT China\xe2\x80\x99s Foreign Ministry spokesperson echoed Indian PM Narendra Modi's remarks at the World Economic Forum on anti-protectioni\xe2\x80\xa6""",b'RT During Manmohan\xe2\x80\x99s times TV channels used to run campaign through out the day blasting Govt as and when petrol prices went\xe2\x80\xa6',b'RT A reporter watched Padmavaat &amp feeling bad for Khilji So we know what Bhansali did But Nothing justify #KarniSenaViolence\xe2\x80\xa6',b'RT \xe2\x80\x98Got any blackmoney back from Switzerland on your plane? Rahul Gandhi takes a swipe at PM Modi https://t.co/QJXuRBvDLa\xe2\x80\xa6',b'RT What a huge impact made by PM #Modi at #WEF18 the first Indian head of government to attend Davos in two decades and a rem\xe2\x80\xa6',b'RT _me_my5elf Narendra Modi is at #Davos in #Switzerland &amp Every child in India knows where their Black Money is kept it is kept in Swi\xe2\x80\xa6',b'RT Activists posting this image of Vida Movahed the brave woman who took off her scarf in public during #IranProtests in Te\xe2\x80\xa6',b'RT Dear Ji now since u hv opened d can of worms urself let me enlighten u with facts n figures.Those who liv\xe2\x80\xa6',"b""Pak should follow Modi's advice on joint fight against poverty Mehbooba https://t.co/z5o4Hj6XFc""",b'RT The real Truth behind God Sex and Truth as per statics released by Google. is more popular than our P M Narend\xe2\x80\xa6',b'RT The Indian middle-class while voting for Modi and BJP never thought that their own kids will one day be targeted by the t\xe2\x80\xa6',"b""RT The India that Modi sold at WEF Davos isn't quite the India we live in. https://t.co/DB4wutRDzU""",b'RT The Indian middle-class while voting for Modi and BJP never thought that their own kids will one day be targeted by the t\xe2\x80\xa6',"b""RT PM Modi blowing your trumpet on foreign shores won't drown the unpleasant music at home https://t.co/kzkrWaXtNo""","b""RT China\xe2\x80\x99s Foreign Ministry spokesperson echoed Indian PM Narendra Modi's remarks at the World Economic Forum on anti-protectioni\xe2\x80\xa6""",b'_Shakeel This idiot thinks he can fool the world World knows how big a feku is Modi they r indeed giggling \xf0\x9f\x98\x85',b'RT As India falls in employment Inclusive growth &amp green indices &amp rises in inequality farmers suicide violence abuse fak\xe2\x80\xa6',b'RT During Manmohan\xe2\x80\x99s times TV channels used to run campaign through out the day blasting Govt as and when petrol prices went\xe2\x80\xa6',"b""RT China\xe2\x80\x99s Foreign Ministry spokesperson echoed Indian PM Narendra Modi's remarks at the World Economic Forum on anti-protectioni\xe2\x80\xa6""",b'RT The Indian middle-class while voting for Modi and BJP never thought that their own kids will one day be targeted by the t\xe2\x80\xa6',b'RT PM Modi loves to talk about rankings Here are some he would not like you to see https://t.co/5OOhpHbsWR',b'RT Shoe hurled at Owaisi at rally where he accused Modi of targeting Sharia through Triple Talaq Law On Media debates he talk\xe2\x80\xa6',b'RT At Davos PM Modi Hits Out At #TISNews Click Link https://t.co/fnliRT29nm https://t.co/PthOavDKK4',b'Pakistan should follow PM Modi\xe2\x80\x99s advice on joint fight against poverty Mehbooba Mufti https://t.co/D50TRXLHSO https://t.co/VlP9gw7HCc',b'RT While Modi sells India at Davos his junior HRD minister is busy making his country the laughing stock of the world https://t.c\xe2\x80\xa6',b'RT Petrol prices all time high Mumbai Rs 80 Hyderabad 76 Kolkata-75 Chennai-75 Bangluru-73 Delhi-72 When Oil\xe2\x80\x99s int\xe2\x80\xa6',b'RT The Indian middle-class while voting for Modi and BJP never thought that their own kids will one day be targeted by the t\xe2\x80\xa6',"b""RT Chinese Foreign Ministry praises PM Modi's speech at Davos opposing protectionism https://t.co/mEr78nSKWq https://t.co/XUVxV6hBHx""","b""RT As touched down in #Davos 3 independent reports by &amp show how lopsided India's 'Vika\xe2\x80\xa6""",b'RT Narendra Modi had Rs 84 lakh crores investment MOUs under his belt as CM Gujarat via Vibrant Gujarat Summits even before he bec\xe2\x80\xa6',"b""RT China\xe2\x80\x99s Foreign Ministry spokesperson echoed Indian PM Narendra Modi's remarks at the World Economic Forum on anti-protectioni\xe2\x80\xa6""",b'RT The Indian middle-class while voting for Modi and BJP never thought that their own kids will one day be targeted by the t\xe2\x80\xa6',b'RT Modi Raj Means Shamelessness in Actions\xf0\x9f\x91\x87 Sermons in Words #BJP_\xe0\xa4\xad\xe0\xa4\x97\xe0\xa4\xbe\xe0\xa4\x93_\xe0\xa4\xa6\xe0\xa5\x87\xe0\xa4\xb6_\xe0\xa4\xac\xe0\xa4\x9a\xe0\xa4\xbe\xe0\xa4\x93 #ModiLies https://t.co/TpyE846y4g',b'RT _dud GDP as per two Prime Ministers of India Dr Manmohan Singh Gross Domestic Product Narendra Modi Gross Domestic Pako\xe2\x80\xa6',b'RT At Davos PM Modi Hits Out At #TISNews Click Link https://t.co/fnliRT29nm https://t.co/PthOavDKK4',"b'RT ""This restaurant will serve Indian food to PM Modi in Switzerland #tastyfix https://t.co/NL6iABCieR'","b""RT #Davos2018 talks to about PM Modi's #WEF18 speech eco growth &amp #Budget2018 http\xe2\x80\xa6""",b'RT _Bhandari So RaghuRam Rajan criticising PM Modi &amp economic slowdown as due to his policy at #Davos Only had identified h\xe2\x80\xa6',"b""RT Only suckers like the ind media believe Modi's speeches hve d power to change society Are you guys infan\xe2\x80\xa6""",b'RT Not a bleep on TimesCow or Republic No defence minister flying in on an IAF aircraft No yatras No calls for dismis\xe2\x80\xa6',b'RT Petrol prices all time high Mumbai Rs 80 Hyderabad 76 Kolkata-75 Chennai-75 Bangluru-73 Delhi-72 When Oil\xe2\x80\x99s int\xe2\x80\xa6',b'RT Modi ji wants people to open pakora shops ..see what government does to these hard working people who put up gruelling hours\xe2\x80\xa6',b'RT The Indian middle-class while voting for Modi and BJP never thought that their own kids will one day be targeted by the t\xe2\x80\xa6',"b'RT Uh what ""Prime Minister Narendra Modi of India urged attendees to embrace globalization and fight climate change He is one\xe2\x80\xa6'","b""RT Jumlas in Davos: If Modi Claims To Have Got Votes from 600 Cr Indians When India's Total Population is 130 Cr Then A R\xe2\x80\xa6""",b'RT As India falls in employment Inclusive growth &amp green indices &amp rises in inequality farmers suicide violence abuse fak\xe2\x80\xa6',b'RT Jumlas in Davos Every Child In India Knows Where Their Black Money is Kept It is Kept in Swiss Banks \xf0\x9f\x91\x87 Should Modi Not\xe2\x80\xa6',"b""RT Few days ago Mr Modi asked for his Govt's performance to be compared with that of the UPA Request Granted. In no ma\xe2\x80\xa6""","b""RT China\xe2\x80\x99s Foreign Ministry spokesperson echoed Indian PM Narendra Modi's remarks at the World Economic Forum on anti-protectioni\xe2\x80\xa6""","b""RT China\xe2\x80\x99s Foreign Ministry spokesperson echoed Indian PM Narendra Modi's remarks at the World Economic Forum on anti-protectioni\xe2\x80\xa6""",b'RT During Manmohan\xe2\x80\x99s times TV channels used to run campaign through out the day blasting Govt as and when petrol prices went\xe2\x80\xa6',b'RT _Bhandari So RaghuRam Rajan criticising PM Modi &amp economic slowdown as due to his policy at #Davos Only had identified h\xe2\x80\xa6',b'RT Modi preached globalization and environmental protection to world leaders in Davos Meanwhile he has promoted protectionist\xe2\x80\xa6',b'RT Modi preached globalization and environmental protection to world leaders in Davos Meanwhile he has promoted protectionist\xe2\x80\xa6',b'... no need to react to these Dalals...they are paid https://t.co/iyMbsJP7pN'
"b""And that's is how as a society that promotes equality freedom tolerance and a democra https://t.co/tFy66FXNaq""",b'RT _Manchester We are delighted and incredibly proud to be among just four other care homes across the country to have been select\xe2\x80\xa6',b'the main analysts think that 2019 will again be a year when Spain makes up ground in the region I https://t.co/50m72XRDpK',"b""RT _s Don't tell me y'all didn't notice They've been posting song recommendations with the title of the song having 'Dream in it.\xe2\x80\xa6""","b""Some cunt in Whitehall's pulled a plug.""",b'RT Want to go on pure city breaks but can\xe2\x80\x99t even afford a \xc2\xa33 meal deal at this rate',b'RT five [watching the news some idiot tried to fight a squid at the aquarium. diego [covered in ink maybe the squid was\xe2\x80\xa6',b'Gullivers sports travel have a very good reputation and are official WRU providers',b'We have a fault affecting our customers in Mulanje Phalombe Muloza Chitakale and Milanje who currently do not ha https://t.co/RKWrlJXl2t',b'Offering a recommendation on behalf of a family member or old .. More for Virgo https://t.co/g1bgNPQUX2'
b'RT _rt_200 #RickyPonting: India should play Rishabh Pant as a batter &amp at number 4 He can win you a World Cup he has the x-factor\xe2\x80\xa6',b'_Lawrie I will say this one https://t.co/JrtnhLt5xt',b'Patiently waiting for Dave East\xe2\x80\x99s debut but I\xe2\x80\x99m kind of iffy on it since Nas is the executive producer dudes a goo https://t.co/72j4X4OZ5g',b'RT Thanks to the scumbags(being polite)who thought it was a good idea to rip up our flower beds outside the shop last nigh\xe2\x80\xa6',b'RT _history Blair on Tory Patriotism 1996 \xe2\x80\x9cIt is no good waving the fabric of our flag when you have spent the last sixteen year\xe2\x80\xa6',b'Interesting reading Good to see a general improvement hopefully more companies will publish reports showing furth https://t.co/wLQEGV9Pyc',b'Capital they say is a coward bird but in times when the \xe2\x80\x9csafe economies are offering very low interest to owners https://t.co/GXnvNEOMRp',b'&lt;3 Good Morning My Friends &lt;3 - Have a Fantastic Day :D :D :D - Love Peace and Joy to All',"b""Be bad until you're good and good until you're great ! \xf0\x9f\x91\x8a\xe2\x81\xa3 Love this wall quote by Add a little mot https://t.co/rLYgZyRo3U""",b'One good thing . awareness and acceptance is much higher than it used to be',b'RT what makes a person gifted and talented may not always be good grades in school but a different way of looking at the world\xe2\x80\xa6',b'It\xe2\x80\x99s always good when I\xe2\x80\x99ve had it Not too many places near me make it.',"b'RT When you wish good for others,good things come back to you,This is THE LAW OF NATURE. Maine Mendoza #TopMainE\xe2\x80\xa6'","b'happy birthday my mate,hope you have a good weekend xx'",b'RT Make sure we all go watch #KesariInCinemasTomorrow and feel the real story Good luck to whole team sir \xe2\x80\xa6',b'RT I will not be celebrating #Holi this year in solidarity with the &amp its 40 brave sons of India who were killed in t\xe2\x80\xa6',b'Signed this morning website seems to be affected by traffic which feels like a good sign https://t.co/xW3A9PUnCb',b'RT \xe2\x80\x9cHow can we integrate coordinate and communicate efficiently if we do not have a good eHealth system?',b'RT Yes I cry a lot in bed But no not because of boys and love Mostly because of money my mom friends studies and why the h\xe2\x80\xa6',b'these niccas cap they jus rap good'
b'I have never thought who he is who cares \xf0\x9f\x98\x8a he is an excellent teacher to so https://t.co/U9T2gVJXKl',b'Very encouraged by the excellent work happening in Australia by churches and Christian organisations working to pre https://t.co/NTZNHWQ9Q8',b'RT A new poll suggests that few Brits believe we will leave the EU with a good deal I believe we can end up with an exce\xe2\x80\xa6',b'The project is excellent I wish further success to the developers of the Chimera ! https://t.co/s9oVa3WqFg https://t.co/jzN0Jf5LcG',b'A Selection of excellent photos from 1stXV win over Old Halesonians on Saturday from Ian Jackson Full Gallery \xf0\x9f\x91\x89 https://t.co/huO1P8Bep0',b'RT I encourage and invite all our brothers &amp sisters to visit Liverpool this Saturday 30th March for the Annual Conferenc\xe2\x80\xa6',b'Phantom 8 Reason It uses IPS technology It packs sufficient pixels so images and vi https://t.co/LDlygeBDAm',b'RT Overnight burglary in Borrowash Some excellent proactive work by our night crews assisted by leads to a\xe2\x80\xa6',"b""RT Today I appointed M Bridget Mayer to serve as judge for South Dakota's Sixth Judicial Court Bridget has a strong hist\xe2\x80\xa6""",b'RT Thanks _RDG &amp for hosting the excellent #DisabilityConfident event today in Reading As a Disability C\xe2\x80\xa6'
b'Good luck!',b'I didn\xe2\x80\x99t realize I still had Harold\xe2\x80\x99s left over Whew chile... God is so good.',b'I hope every cat in history is living a good life',b'Good workout today going home to cook some bomb grilled chicken and some veggies brown arroz \xf0\x9f\xa4\xa4',b'https://t.co/r3v8adPqIo https://t.co/Eg41Qffrip https://t.co/ImbUB45lkn Some good tunes to see you through the week...',b'So yeah on a par...also what oftheir teams goals are they scoring?who\xe2\x80\x99s goals hav https://t.co/m7C54BBK2K',b'How many eggs should I eat each day Is eating 2-3 eggs a day good or bad https://t.co/3qbmBBOkAM https://t.co/ctsWF9hBMg',"b""RT Day 5/5 In our survey (supported by ) most parents told us they worried about their child's physical he\xe2\x80\xa6""","b""Ordered Looking forward to it The electronic version won't be as good but I'll scan it on the way to w https://t.co/Pc36bTOwib""",b'good to see humour still intact before starts speaking'
b'RT \xe2\x80\x9cMY ANXIETY ISN\xe2\x80\x99T *THAT BAD STARTER PACK 1 leg bouncing 2 picking at your lips 3 walking very quickly 4 having two mo\xe2\x80\xa6',"b""RT behaving bad at school is so ugly. students be talking back and being disrespectful for no reason and think they're funny\xe2\x80\xa6""",b'RT _ Sit and moan about how bad my eye bags are but I can\xe2\x80\x99t remember the last time I was asleep before 12',b'RT \xe2\x80\x9cMY ANXIETY ISN\xe2\x80\x99T *THAT BAD STARTER PACK 1 leg bouncing 2 picking at your lips 3 walking very quickly 4 having two mo\xe2\x80\xa6',b'I wanna move to FL really bad :(',"b""RT behaving bad at school is so ugly. students be talking back and being disrespectful for no reason and think they're funny\xe2\x80\xa6""",b'RT Carelessness on our roads will kill all of us Our roads are narrow Our leadership seems not to know ow to fix our roads Re\xe2\x80\xa6',"b""RT behaving bad at school is so ugly. students be talking back and being disrespectful for no reason and think they're funny\xe2\x80\xa6""",b'RT Bond paid off\xf0\x9f\x98\x8a \xf0\x9f\x8d\xbe By the way I have not bought new clothes or done my hair in 2 years!',b'i wish my daddy was here so bad the older i get the more i feel bothered by it',b'RT if u dont know how to layan your customers/clients dengan baik baik go cari kerja lain pls doesnt mean u had a bad day\xe2\x80\xa6',b'I think it\xe2\x80\x99s adolescent game in America Having to have a relationship that\xe2\x80\x99s sexual to gain prosperity. https://t.co/5BtKYY1zzJ',b'RT How do some of y\xe2\x80\x99all still not fuck with Bad Bunny https://t.co/NKQwU6jm7n',b'RT O Allah make us among the true believers who always remember you in both the good &amp bad times https://t.co/SLOJmKRuav',b'RT In Malaysia dakwah is usually meant to pressure and makes people feel bad for not choosing Islam or for not being Islamic eno\xe2\x80\xa6',b'I have a bad feeling about today So if anyone else wants to join and guess the other unit song Feel free https://t.co/vWn9NefiT0',"b""RT Just because you had a good experience with someone doesn't mean they're incapable of doin\xe2\x80\xa6""","b""Everything I'm feeling now is completely self inflicted and are a result of my bad decision making last night \xf0\x9f\x98\xaa""",b'#IWishIHadKnownThat you can forgive people but some people have hurt you so bad that even after forgiving them you https://t.co/VxVY2bBmLm',"b""what he's saying here is about his wisdom tooth pulled out so he need to eat soft foods and he believed jungkook th https://t.co/g9yYXCqBMz"""
b'RT \xe2\x80\x9cMY ANXIETY ISN\xe2\x80\x99T *THAT BAD STARTER PACK 1 leg bouncing 2 picking at your lips 3 walking very quickly 4 having two mo\xe2\x80\xa6',b'Honestly my heart hurts so bad:(',b'RT Always doing it cause my results are so bad https://t.co/naU2qR9xUI',"b""You overlook people's bad behavior because you seek peace They instead see that as a sign you are weak EiE""",b'one thing i\xe2\x80\x99ll never do is down talk or talk bad about anyone everybody don\xe2\x80\x99t got it \xf0\x9f\x92\xaf',b'Ariana\xe2\x80\x99s songs are bad or just catchy most of the time in MY personal opinion.',b'RT Louis van Gaal and the truth His truth \xe2\x80\x9cThe structure (of Man United is not so bad but the right hand has to be a tec\xe2\x80\xa6',b'RT \xe2\x80\x9cSure One Nation support a white ethnostate and the legal import of fully automatic weapons but the Greens s\xe2\x80\xa6',b'the fuck do you mean im a bad role model ill have you know its been ten whole minutes since i told optimus he needs to get laid',b'He is a bad friend https://t.co/StwcjrhgjP',b'RT _V \xf0\x9f\x90\xa5The dance is cute but the face it kinda has bluff \xf0\x9f\x90\xb1... Isn\xe2\x80\x99t it better than \xe2\x80\x98my name is?! Better than that \xf0\x9f\x90\xbfAyo my name i\xe2\x80\xa6',b'I\xe2\x80\x99m actually so excited to cook tomorrow Maybe cus I\xe2\x80\x99m hungry af rn But kinda bc that I\xe2\x80\x99m gonna -do something I https://t.co/VdXAxK7CNd',b'The Scottish news is utterly embarrassing. The set the people. So bad.',b'RT Robert Mueller did not exonerate the President The House voted 420-0 to release the report Trump doesn\xe2\x80\x99t want it released.\xe2\x80\xa6',b'it can only be disregarded if we leave the EU completely A WTO Brexit will give the UK freedom to ap https://t.co/ADiXihjUCO',"b""RT behaving bad at school is so ugly. students be talking back and being disrespectful for no reason and think they're funny\xe2\x80\xa6""",b'RT Marriage is bad Men are senseless Women are the cause Argue with ur ancestor https://t.co/X5K7Q3Ly9i',b'RT YG i can now understand why we had such a tough time in the beginning of our debut (Cuz he thinks they were bad NJ y\xe2\x80\xa6',b'RT if i talk to you about my past ion want sympathy or for you to feel bad i want you to know why i am who i am',"b""Calling all carats please REPORT this account @/red_ribbone this account just spread hate about seventeen's membe https://t.co/rPN8hVJpCm"""
b'RT #CaryGrant #PriscillaLane Arsenic and Old Lace 1944 Good fun :) #vintage #Hollywood #comedy https://t.co/fmckpTxoXg',"b""_guifoyle Just b/c your fuqing the Psycho in Chiefs son doesn't mean you have anything of import to say You p https://t.co/v7KgbRKCnv""",b'RT oh good https://t.co/fLLV92Vmyj',b'_Guy_Si Well we\xe2\x80\x99d have to suggest one of these two by the looks of it.. \xf0\x9f\x87\xac\xf0\x9f\x87\xa7 https://t.co/6yFRXY2HPP',"b""that's supposed to be good luck man""",b'RT You are entering into a new level of happiness Good news will circulate you...',b'Maybe MSNBC needs to get behind this it is a good start on their next #FakeNews campaign https://t.co/7yM17l1R5u',b'Let\xe2\x80\x99s get it!!! \xf0\x9f\x8c\xaa\xe2\x9a\x99\xef\xb8\x8f\xf0\x9f\x9b\xa0\xf0\x9f\x97\xa1\xe2\x9b\x8f\xe2\x9a\x92\xf0\x9f\x94\xa7\xf0\x9f\x94\xa9\xe2\x9b\x93\xe2\x9a\x94\xef\xb8\x8f FRIDAY\xe2\x80\x94Reading 3:00PM\xe2\x80\x94Zachary A Doss Stage Good Girls Stay Silent A reading sponsor https://t.co/MDEYfS3gor',b'If the NDP dont like it Its probably a good idea',b'I do remember your mom She sure was a brave good mother and very pretty So are you !!',b'I sexually identify as many people who have a good time Slskskskksksks',b'RT _wrestle The hardest part when it comes to getting where you want to be in life is PATIENCE NOT sitting on your ass and waiting\xe2\x80\xa6',b'RT @__ShaniyaaRoxy WHATEVER I go through I get through so even if I\xe2\x80\x99m not good .. I\xe2\x80\x99M GOOD PERIOD \xf0\x9f\xa4\x9e\xf0\x9f\x8f\xbd',b'RT good morning guys.what was the first thing you did when you woke up from bed?',b'_Portraits That\xe2\x80\x99s too good to be crap',b'No I\xe2\x80\x99m good with it They weren\xe2\x80\x99t supposed to be here They came by choice.',b'RT Wow the Navajo Nation Spelling Bee RAN OUT of spelling bee words to stump 8th grader Kelly Haven Good luck (and come\xe2\x80\xa6',b'Good morning have a great day ill stop by when you stream next',b'so fucking good.... so fucking goooood.....',b'_News Too good to be true to get Tank and Quinn on the same line...So is Tank leaving because of https://t.co/cGRh1tyerj'
"b""RT Now Playing Franc Moody She's Too Good For Me #francmoody https://t.co/Xpmw0XL5El""",b'RT I love when my man tells me what to do I\xe2\x80\x99m not gonna listen but it sounds good \xf0\x9f\xa4\xb7\xf0\x9f\x8f\xbc\xe2\x80\x8d\xe2\x99\x80\xef\xb8\x8f\xf0\x9f\xa4\xa3',b'RT good job hooman https://t.co/SgeACdZwN8',b'Good morning',b'RT _Soubry This is the point There is a huge swathe of very good people in both main parties who we will lose &amp whatever your views\xe2\x80\xa6',b'RT @_mxixn I did my best but I guess my best wasn\xe2\x80\x99t good enough #Onet62',b'Because a guy that only writes in English and shares sources in Arabic https://t.co/yBxm4KlKjU',b'On days like this I really miss dad and I wound up putting on Notting Hill Both a good and bad idea.',"b""RT \xf0\x9f\x90\xa2\xf0\x9f\x90\xa2\xf0\x9f\x99\x82Today's a new day #turtlewriters A fresh start Take a deep breath be brave &amp go for it \xe2\x9d\xa4\xef\xb8\x8fYou can do anything one\xe2\x80\xa6""",b'RT A lot of people seem to reject homophobia (which is good but then mock trans/non binary people do\xe2\x80\xa6',b'Okay.. Now u starting to see some that s good',b'There is a list recommending 10 episodes you should recap from the overall series so far to put you in https://t.co/rMVi7oTqVK',"b""Good night We'll make it alright.""",b'Might stream trying to do the hidden boss in KH3 with only Kingdom Key at Level 1 Proud lol And then I can start a https://t.co/uHTpvO5hbc',b'RT #Giveaway time! Do you want a chance to #WIN this Spring Cleaning Hamper? To enter all you have to do is FOLLOW our page an\xe2\x80\xa6',b'I SLEEP GOOD AT NIGHT \xf0\x9f\xa5\xb0\xf0\x9f\xa5\xb0\xf0\x9f\xa5\xb0\xf0\x9f\xa5\xb0\xf0\x9f\xa5\xb0\xf0\x9f\xa5\xb0\xf0\x9f\xa5\xb0 https://t.co/I3eMhoEINM',b'RT How good is this https://t.co/eFg70WwuU8',b'Get your jersey at a very good rate. rock that football team #Barcelona #ManUtd #Messi',b'RT Still a good show tbh https://t.co/T62V7qVMXO https://t.co/eRGtjzNpEA',b'RT Your real test comes when you do the right thing even when it is difficult to do so you\xe2\x80\x99re able to keep a good attitude eve\xe2\x80\xa6'
b'Sounds good to me Can\xe2\x80\x99t wait!',b'RT _cmillz6 continuously tweets sad shit* person \xe2\x80\x9cyou good? me https://t.co/d9VH02MVcv',"b""That look lethal I'm going to pass I love a good wine not this rot gut \xf0\x9f\x92\xa9\xf0\x9f\xa4\xa3\xf0\x9f\xa4\xa3\xf0\x9f\xa4\xa3\xf0\x9f\xa4\xa3\xf0\x9f\xa4\xa3""",b'RT you are too precious to this toxic world enjoy your day with people who do you good we loves you selena #HappyBirthda\xe2\x80\xa6',b'RT DRAW The semi-final draw of the Clear Currency Irish Senior Cup has been completed Good luck to all sides Watch\xe2\x80\xa6',b'RT Lootner Launch Giveaway \xf0\x9f\x8e\x81 M4A4 Industrya (Field-Tested $20.00 \xe2\x9a\xa1 Follow &amp \xe2\x9a\xa1 R\xe2\x80\xa6',b'Does this mean I can give her the good pets https://t.co/TMLKLQsCa5',b'we walked out of the hotel today and he said \xe2\x80\x9cmeme i smell a skunk well bub that\xe2\x80\x99s not a skunk you smell it\xe2\x80\x99s good ol colorado air\xf0\x9f\x98\x82',b'_Good No 5 degrees above the average temperature for the time of year Technically you can have a heatwave in winter',b'RT _8_ It\xe2\x80\x99s pretty cool how someone can just pop into your life all of a sudden and become so important to you within such a small a\xe2\x80\xa6',b'RT _cmillz6 continuously tweets sad shit* person \xe2\x80\x9cyou good? me https://t.co/d9VH02MVcv',"b""RT Good morning everyone your friendly neighbourhood herpetologist here I hope you're ready for a wild week of #amphibians an\xe2\x80\xa6""",b'_Dub3 i\xe2\x80\x99ve only seem both once avengers was fine nothing special and bvs was stupid i get the themes i reall https://t.co/zv9Zciz9ix',b'Good night juju!',b'RT _ I\xe2\x80\x99m a good friend to the wrong people \xf0\x9f\x98\x82',"b""_T well the label said onigiri with something else so \xf0\x9f\xa4\xb7\xf0\x9f\x8f\xbb\xe2\x80\x8d\xe2\x99\x80 doesn't matter tho both are good if that's the case""",b'RT good afternoon to richard madden only https://t.co/20P7dZ5d8u',b'good afternoon',b'RT A different perspective is good sometimes \xf0\x9f\x92\xa6\xf0\x9f\x8f\xa1 #onthebay #theviewfromhere #fromaboat https://t.co/QWbqygi5xf',b'I might be late to the party but Money Heist on Netflix is sooo good and I definitely binged the whole thing this weekend',b'RT WOKE UP TO HYUNJIN MULLET ITS A GOOD DAY TO BE ME https://t.co/qx2HcVb9tH',b'I feel good you know I feel nice \xf0\x9f\x91\x8d #inafix #MondayMorning #MondayMood #MondayMotivation https://t.co/Ik8IPsS7g7',"b""RT Do give it everything u've got juz to make them win because it honestly feels good to know that we are p\xe2\x80\xa6""","b""RT _casscain Curses The announcement of 's Strange Adventures dethroned the Shadow of the Batgirl preview pages as the m\xe2\x80\xa6""",b'RT _ Might be armed robberies rapes and knife crime nearly everywhere you go but I don\xe2\x80\x99t half feel safe knowing the old bill are p\xe2\x80\xa6',b'their music is good is the only kpop group ever to have seoyeon n nagyung',b'I don\xe2\x80\x99t think it would be a good idea if Rocket Punch goes for a similar concept as Lovelyz Or what do you think?',b'RT Wishing a Very Very Happy Birthday _offl .. Loads &amp Loads of successes good health and happiness always \xf0\x9f\x8c\x9f\xf0\x9f\x92\x95\xf0\x9f\x91\x8d\xf0\x9f\x8f\xbb\xf0\x9f\xa5\xb3\xf0\x9f\x8e\x89\xf0\x9f\x92\xab\xe2\x80\xa6',b'It\xe2\x80\x99s really good The cranberries are infused with pomegranate juice too so it all blends so well \xf0\x9f\x98\x8b',b'He is a good pair to AK',b'RT _cmillz6 continuously tweets sad shit* person \xe2\x80\x9cyou good? me https://t.co/d9VH02MVcv',"b""to celebrate the lee's debut \xf0\x9f\xa5\xb3 i'll be doing a giveaway for hangyul and eunsang!! to join all you have to do is https://t.co/v4l2xteS5R""",b'RT Wishing a Very Very Happy Birthday _offl .. Loads &amp Loads of successes good health and happiness always \xf0\x9f\x8c\x9f\xf0\x9f\x92\x95\xf0\x9f\x91\x8d\xf0\x9f\x8f\xbb\xf0\x9f\xa5\xb3\xf0\x9f\x8e\x89\xf0\x9f\x92\xab\xe2\x80\xa6',b'RT We jumped at #13 in Thailand trending list Teumaes you are amazing Good job https://t.co/NPTaOqRPjF https://t.\xe2\x80\xa6',b'Bad good habit',b'Happy Wedded life Kasun Malli and Nangi !!! Always good be with you Guys \xf0\x9f\x98\x8b at Saru Blue Sapphire https://t.co/HiLyPIs348',b'Options and alternatives: SECOND HAND value village and good will may have some good things but the conditions m https://t.co/QdprzxKafo',b'My recovery sessions NEVER looked that good \xf0\x9f\x98\x98\xf0\x9f\x98\x98\xf0\x9f\x98\x98',b'happy birthday Have a good one \xf0\x9f\x99\x8f\xf0\x9f\x8f\xbc\xf0\x9f\x99\x8f\xf0\x9f\x8f\xbc',b'Good music keeps the lame shit away \xf0\x9f\x8e\xb6'
b'RT Most World Heritage Sites: \xf0\x9f\x87\xa8\xf0\x9f\x87\xb3China 55 \xf0\x9f\x87\xae\xf0\x9f\x87\xb9Italy 54 \xf0\x9f\x87\xa9\xf0\x9f\x87\xaaGermany 47 \xf0\x9f\x87\xaa\xf0\x9f\x87\xb8Spain 47 \xf0\x9f\x87\xab\xf0\x9f\x87\xb7France 45 \xf0\x9f\x87\xae\xf0\x9f\x87\xb3India 38 \xf0\x9f\x87\xb2\xf0\x9f\x87\xbdMexico 35 \xf0\x9f\x87\xac\xf0\x9f\x87\xa7UK\xe2\x80\xa6',b'RT _Rangers Football end of 3 Rangers 6 Thomas Jefferson 20 #copreps',b'RT rep by Hezekiah Tiamiyu and Titi Ibrahim has emerged winner of the Innovation Challenge of the Internatio\xe2\x80\xa6',b'RT _732 https://t.co/Lapv6fyhLT To promote this is actively evil',b'RT #Hagibis is threatening for the Japanese just as the #PMCBankCrisis is for us Indians #JailRBIAudi\xe2\x80\xa6',b'RT BTS Jimin has become the first person in history to simultaneously occupy the entire Top 20 on Twitter\xe2\x80\x99s Worldwide Trends c\xe2\x80\xa6',b'RT Twitter is suppressing my account Please retweet We are taking on our biggest case yet 20 homeless veterans living in t\xe2\x80\xa6',b'RT Dear I knew Sally Davies when she was a doctor walking the wards She knows about illness death and life\xe2\x80\xa6',b'RT _ What my assigned fbi agent sees when they look through my front camera https://t.co/2VacUeag5j',b'4 pizzas for \xc2\xa320 #winning \xf0\x9f\x8d\x95\xf0\x9f\x8d\x95\xf0\x9f\x8d\x95\xf0\x9f\x8d\x95',b'RT jimin is the first artist to occupy all the top 20 spots on the worldwide trends chart #\xec\xa7\x80\xeb\xaf\xbc\xec\x9d\xb4\xec\x99\x80_\xec\x9a\xb0\xeb\xa6\xac\xec\x9d\x98_\xec\x98\x81\xec\x9b\x90\xed\x95\x9c\xec\x95\xbd\xec\x86\x8d #\xec\xa7\x80\xeb\xaf\xbc\xec\x95\x84_\xed\x83\x9c\xec\x96\xb4\xeb\x82\x98\xec\xa4\x98\xec\x84\x9c_\xea\xb3\xa0\xeb\xa7\x88 #\xe2\x80\xa6',"b""This was the last video I posted and have left a bit of a gap before in post series 2 If you haven't seen it pleas https://t.co/iCZD1vg9RQ""","b'O/G NOT some crappy ""retro effort 1987 #Umbro #RFC #Rangers home shirt Adult Medium (20 pit to pit conditi https://t.co/skn4mrPiD7'",b'Today my bf got me this 100 language i love you necklace https://t.co/B01q5o36gb and it\xe2\x80\x99s seriously the prettiest thing ever \xf0\x9f\x92\x9b',b'#DemocratParty is over on January 20 2021 when the 46th president of the United States of America takes residents https://t.co/liJtIlgTe4',b'RT Best Countries for Raising Kids in 2019 1.\xf0\x9f\x87\xb8\xf0\x9f\x87\xaaSweden 2.\xf0\x9f\x87\xa9\xf0\x9f\x87\xb0Denmark 3.\xf0\x9f\x87\xb3\xf0\x9f\x87\xb4Norway 4.\xf0\x9f\x87\xa8\xf0\x9f\x87\xa6Canada 5.\xf0\x9f\x87\xab\xf0\x9f\x87\xaeFinland 6.\xf0\x9f\x87\xb3\xf0\x9f\x87\xb1Netherlands 7.\xf0\x9f\x87\xa8\xf0\x9f\x87\xadS\xe2\x80\xa6',"b'RT Good Morning Not my call but have you contacted the good people in \'s ""I\xe2\x80\xa6'",b'RT The team warm-up with less than half an hour until kick-off. Follow the pre-match build-up and action using our matc\xe2\x80\xa6',"b""RT Enter for a chance to #win $20 #Amazon GC and a #paperback when you support the Fall Comedy Writer's Book #Giveaway Bonus c\xe2\x80\xa6""",b'Bitch I\xe2\x80\x99m 20'
b'RT _tr Muslim actor says good things about Indian leader Modi Quiet for Kashmir why https://t.co/PEADmkd4H7',b'That Amrita took to too far BJP want slaves hindu and nothing else Rahul Gandhi will https://t.co/7uk19u5kFk',"b'Your medias hiding it,you are cheerleaders of Modi'",b'Kashmir is India\xe2\x80\x99s internal and integral matter Even the Chinese President Mr Xi Jinping did not mention Kashmir i https://t.co/riGdkMwIiH',b'RT PM Modi says Tamil is beautiful Tamil people are exceptional https://t.co/Kw0BdZHNpJ I do not think he means all Tamils-Swa\xe2\x80\xa6'
"b""RT #SyeRaaNarasimhaReddy registered decent numbers at the box-office in Telugu states on it's third weekend 19 days AP/\xe2\x80\xa6""",b'#War Complete Domination Over #SyeRaa https://t.co/H5tFbBKV70',b'Sye Raa No Loss No Gain for Dil Raju Extended Dussera holidays in Telangana also have https://t.co/HqmQsGaAXc',"b""RT #SyeRaaNarasimhaReddy registered decent numbers at the box-office in Telugu states on it's third weekend 19 days AP/\xe2\x80\xa6""",b'How much total box office collection of sye raa narsimha Reddy movie till now _PicZone plz plz'
b'RT _Off list of fastest to \xe2\x82\xb9200 crores with the number of days taken by each film. #Baahubali The Conclusion 1 day #2Point0 3\xe2\x80\xa6',b'RT #SouthFilmIndustry 200crs Gross Club Heros \xf0\x9f\x91\x89#Rajinikanth 4 \xf0\x9f\x91\x89#Prabhas 3 \xf0\x9f\x91\x89#Vijay 3 \xf0\x9f\x91\x89#MegastarChiranjeevi 1 \xf0\x9f\x91\x89#R\xe2\x80\xa6',b'RT Only South Indian Actor after #Prabhas to have hat-trick 200 Cr Grosser worldwide #Prahas #Baahubali 1 &amp 2 #Saaho \xe2\x80\xa6',"b'200cr Gross Club Heroes. #2point0 #kabali #Enthiran #Petta #BB2 #BB #Saaho #Mersal #Sarkar #Bigil, https://t.co/MnWyD76REH'",b'RT Nizam Top 5 Shares In TFI : #Baahubali2 : 63Cr #Baahubali : 43Cr #Maharshi : 32Cr #Rangasthalam : 27Cr #S\xe2\x80\xa6',b'RT Fake \xe0\xb0\xb2 Rare feet #SyeRaa Top5 Genuine Records in Nizam #Bahubali2 #Bahubali #Maharshi #Saaho #SyeRaaNarasimhaRed\xe2\x80\xa6',b'RT _officeIndia Top 5 highest grossing Tollywood films worldwide. 1 #Baahubali2 1810 cr 2 #Baahubali1 650 cr 3 #Saaho 475 cr\xe2\x80\xa6',b'RT #Kerala becomes the 1st Market where #Bigil has entered into profit zone. #Bigil is also the highest grossing Tamil movi\xe2\x80\xa6',b'RT Nizam Top 5 Shares In TFI : #Baahubali2 : 63Cr #Baahubali : 43Cr #Maharshi : 32Cr #Rangasthalam : 27Cr #Saaho\xe2\x80\xa6',"b""RT Tollywood's Territory wise lifetime Non BB Record Movies Nizam #Maharshi Ceeded #SyeRaaNarsimhaReddy Guntur #SyeRa\xe2\x80\xa6""",b'RT #SouthFilmIndustry 200crs Gross Club Heros \xf0\x9f\x91\x89#Rajinikanth 4 \xf0\x9f\x91\x89#Prabhas 3 \xf0\x9f\x91\x89#Vijay 3 \xf0\x9f\x91\x89#MegastarChiranjeevi 1 \xf0\x9f\x91\x89#R\xe2\x80\xa6',b'RT _Official Only South Indian Actor after #Prabhas to Gave Hat-trick 200 Cr Grosser Worldwide #ThalapathyVijay #Prahas #Baahubali\xe2\x80\xa6',b'RT Nizam Top 5 Shares In TFI : #Baahubali2 : 63Cr #Baahubali : 43Cr #Maharshi : 32Cr #Rangasthalam : 27Cr #Saaho\xe2\x80\xa6',b'RT _2_0 Nizam Top 5 Shares In TFI : #Baahubali2 : 63Cr #Baahubali : 43Cr #Maharshi : 32Cr #Rangasthalam : 27Cr #Saa\xe2\x80\xa6',b'RT The Only South Indian Hero\xe2\x80\x99s to have 3 Consecutive 200Crs Worldwide Grossers #Thalapathy VIJAY #RebelStar PRABHAS\xe2\x80\xa6',b'RT _TVMP Only South Indian Actors to have a Hat-trick \xe2\x82\xb9200cr Club movies in Worldwide. 1 Prabhas.\xe2\xad\x90 (Baahubali Baahubali-2 &amp Sa\xe2\x80\xa6',b'RT 300Cr budgets makeovers superstar ki akkarledu Nizam Top 5 Shares In TFI : #Baahubali2 : 63Cr #Baahubali : 43Cr\xe2\x80\xa6',b'RT Nizam Top 5 Shares In TFI - #Baahubali2 : 63Cr #Baahubali : 43Cr #Maharshi : 32Cr #Rangasthalam : 27Cr #Saaho :\xe2\x80\xa6',b'RT _ 200cr Gross Club Heroes. #2point0 #kabali #Enthiran #Petta #BB2 #BB #Saaho #Mersal #Sarkar #Bigil #SyeRaa #Rangas\xe2\x80\xa6',b'RT _ Nizam Top 5 Shares In TFI : #Baahubali2 : 63Cr #Baahubali : 43Cr #Maharshi : 32Cr #Rangasthalam : 27Cr #Saaho\xe2\x80\xa6'
"b'RT Modi ""You see Suu kyi if we knew Buddhism could be so adaptable to promote Nazism we wouldn\'t have chased it away. https\xe2\x80\xa6'",b'Trump and Modi have got majority to create Islamophobia among people https://t.co/kGsx3NPuq2',b'RT The two leaders agreed that a stable and peaceful border was an important anchor for the continued expansion of our partne\xe2\x80\xa6',b'2002 never happened muzlims burned their women n children for political gain and govt aid https://t.co/NV3nmYfgbb',b'RT Does the Modi Govt even understand what is going on with the Indian economy? Though the economy is at a standstill Modi Sark\xe2\x80\xa6',b'RT _comrade Ok let me make try Bro From left to Right 1 Soma Modi 2 Prahlad Modi 3 Amrit Modi 4\xe2\x80\xa6',b'PM #Modi To Inaugurate 5th #India International #Science Festival Tomorrow #IISF #IISF2019 #sciencefestival https://t.co/sqA4JkTfP8',b'RT SP Balasubrahmanyam upset with PM modi Our phones were snatched but stars took selfies . Preference given to Hindi film star\xe2\x80\xa6',b'RT Modi might be a Master in Entire Political Science but an Illiterate in Economics https://t.co/PD4fFjUNxU via _in',"b""RT PM Modi's meetings on the sidelines of ASEAN Summit in Thailand https://t.co/5ZtKN24msJ""",b'RT Pollution in North India is reached to dangerous level. Young people are suffering with Lung cancer in Delhi this toxic air\xe2\x80\xa6',b'_Modi _gahlot _Nagpal09 _u_My_life _ho__jao Sure\xf0\x9f\x98\x8a',"b""RT Modi Govt lies on Economic Growth India Economic Growth India's growth is in barely positive territory US think tank Aut\xe2\x80\xa6""",b'Railway station comes under center ministry.. I hope modi will take lesson...',b'RT 1)Has PM Forgotten His #BetiBachao program What is the outcome of that policy Modi J or is it just rhetor\xe2\x80\xa6',"b'RT Modi ""You see Suu kyi if we knew Buddhism could be so adaptable to promote Nazism we wouldn\'t have chased it away. https\xe2\x80\xa6'",b'RT _com Images show Congress-ruled Punjab mainly responsible for stubble burning media continues to question Haryana and Modi (w\xe2\x80\xa6',"b""RT _india Hon'ble PM Shri Narendra Modi will inaugurate #IISF2019 by addressing the audience at Biswa Bangla Convention Centre #Kol\xe2\x80\xa6""",b'RT Fires are burning in Congress-ruled Punjab air is worst in AAP ruled Delhi so we obviously blame Narendra Modi for this m\xe2\x80\xa6',"b""RT 87 days of clampdown in #Kashmir . Indian Modia showed you propaganda of European MPs but they don't show reality. People o\xe2\x80\xa6""",b'RT Before 2014 nobody calculated AQI beyond 999 Now we have successfully forced them to increase their scale to four digit\xe2\x80\xa6',b'RT The two leaders agreed that a stable and peaceful border was an important anchor for the continued expansion of our partne\xe2\x80\xa6',b'RT Akshay clapped for Bhakts when they labelled SRK as anti-national. Akshay supported Modi govt when Amir was removed from b\xe2\x80\xa6',b'RT Twitter India\xe2\x80\x99s management cannot exhibit a bias against certain categories of people no matter how much they love the Mo\xe2\x80\xa6',b'RT _rathee Response of BJP Leaders on Air Pollution Apocalypse Modi \xe2\x80\x9c.........\xe2\x80\x9d Yogi \xe2\x80\x9c..........\xe2\x80\x9d \xf0\x9f\x91\x89Javedkar \xe2\x80\x9cListen to mus\xe2\x80\xa6',b'RT Modi will be serious if he is told that there is POLL in POLLUTION.',b'RT _rathee Response of BJP Leaders on Air Pollution Apocalypse Modi \xe2\x80\x9c.........\xe2\x80\x9d Yogi \xe2\x80\x9c..........\xe2\x80\x9d \xf0\x9f\x91\x89Javedkar \xe2\x80\x9cListen to mus\xe2\x80\xa6',b'RT _rathee Response of BJP Leaders on Air Pollution Apocalypse Modi \xe2\x80\x9c.........\xe2\x80\x9d Yogi \xe2\x80\x9c..........\xe2\x80\x9d \xf0\x9f\x91\x89Javedkar \xe2\x80\x9cListen to mus\xe2\x80\xa6',"b'Very stupid position modi govt has taken in Court But I doubt any budgetry provisions done ,other than w https://t.co/tZcyzPUdyY'",b'What problems do you have with modi Even I have some prob https://t.co/vHJqlpBXx2',"b""RT #BJP opposing #OddEven. Seriously #Modi should ensure people like #javdekar #mungantivar #vijalGoel don't roam openly\xe2\x80\xa6""","b""RT India is reluctant to sign RCEP because of concerns over its producers competitiveness What happened to Modi's #MadeinIndi\xe2\x80\xa6""",b'RT Narendra Modi Ties between India Thailand goes beyond governments Indian men 40 in flight to Thailand So true \xf0\x9f\x98\x9c',b'RT _rathee Response of BJP Leaders on Air Pollution Apocalypse Modi \xe2\x80\x9c.........\xe2\x80\x9d Yogi \xe2\x80\x9c..........\xe2\x80\x9d \xf0\x9f\x91\x89Javedkar \xe2\x80\x9cListen to mus\xe2\x80\xa6',b'RT _rathee Response of BJP Leaders on Air Pollution Apocalypse Modi \xe2\x80\x9c.........\xe2\x80\x9d Yogi \xe2\x80\x9c..........\xe2\x80\x9d \xf0\x9f\x91\x89Javedkar \xe2\x80\x9cListen to mus\xe2\x80\xa6',b'RT _rathee Response of BJP Leaders on Air Pollution Apocalypse Modi \xe2\x80\x9c.........\xe2\x80\x9d Yogi \xe2\x80\x9c..........\xe2\x80\x9d \xf0\x9f\x91\x89Javedkar \xe2\x80\x9cListen to mus\xe2\x80\xa6',b'RT Response of BJP Leaders on Air Pollution Apocalypse Modi \xe2\x80\x9c.........\xe2\x80\x9d Yogi \xe2\x80\x9c..........\xe2\x80\x9d \xf0\x9f\x91\x89J\xe2\x80\xa6',b'RT The harsh truth : The battle of Lok Sabha was between Modi and Kejriwal resulting in BJP sweeping all 7 seats twice. The\xe2\x80\xa6',"b""RT By taking away Kashmir's autonomy Modi\xe2\x80\x99s India forces Kashmiris to pick between being stooge or separatist changing\xe2\x80\xa6""",b'RT SP Balasubrahmanyam upset with PM modi Our phones were snatched but stars took selfies . Preference given to Hindi film star\xe2\x80\xa6',b'RT If GOI can pull of their planned faceless #tax assessment system it would be one of their most crucial reforms yet. Ever\xe2\x80\xa6',b'RT SP Balasubrahmanyam upset with PM modi Our phones were snatched but stars took selfies . Preference given to Hindi film star\xe2\x80\xa6',b'He is king in poster baazi and blaming Modi for every thing Even Modi is responsible for his existence in world.',"b""RT Dalit youth stripped flogged in Ahmedabad. Dalits increasingly being lynched in PM #Modi's home state of Gujarat Why do\xe2\x80\xa6""","b""RT By taking away Kashmir's autonomy Modi\xe2\x80\x99s India forces Kashmiris to pick between being stooge or separatist changing\xe2\x80\xa6""",b'RT Response of BJP Leaders on Air Pollution Apocalypse Modi \xe2\x80\x9c.........\xe2\x80\x9d Yogi \xe2\x80\x9c..........\xe2\x80\x9d \xf0\x9f\x91\x89J\xe2\x80\xa6',b'RT Remember RTI ACT ? Was introduced by UPA under Sonia Gandhi. Wont blame you though if you dont not much of RTI left\xe2\x80\xa6',b'RT _rathee Response of BJP Leaders on Air Pollution Apocalypse Modi \xe2\x80\x9c.........\xe2\x80\x9d Yogi \xe2\x80\x9c..........\xe2\x80\x9d \xf0\x9f\x91\x89Javedkar \xe2\x80\x9cListen to mus\xe2\x80\xa6',b'RT Does the Modi Govt even understand what is going on with the Indian economy? Though the economy is at a standstill Modi Sark\xe2\x80\xa6',b'RT Fires are burning in Congress-ruled Punjab air is worst in AAP ruled Delhi so we obviously blame Narendra Modi for this m\xe2\x80\xa6',b'Why modi is tweeting in URDU Can anyone enlight me please It looks like he is compelling Pakistanis to react Wh https://t.co/IXq9t31F3X',"b""RT Sometimes in between his bhakti of modi this man's psyche takes a turn and he writes this NEVER believe him saying these t\xe2\x80\xa6""",b'RT _comrade Ok let me make try Bro From left to Right 1 Soma Modi 2 Prahlad Modi 3 Amrit Modi 4\xe2\x80\xa6',b'RT _rathee Response of BJP Leaders on Air Pollution Apocalypse Modi \xe2\x80\x9c.........\xe2\x80\x9d Yogi \xe2\x80\x9c..........\xe2\x80\x9d \xf0\x9f\x91\x89Javedkar \xe2\x80\x9cListen to mus\xe2\x80\xa6',b'RT _d_h_nair Every adult Mizo Bru person living in the refugee camp in Tripura used to get \xe2\x82\xb93.50 and 600 gm rice and minors received \xe2\x82\xb92\xe2\x80\xa6',b'RT Narendra Modi Ties between India Thailand goes beyond governments Indian men 40 in flight to Thailand So true \xf0\x9f\x98\x9c',b'RT \xe2\x80\x9cI am not prepared to take part in a PR stunt for the Modi govt &amp pretend that all is well. Chris Davies EU MP whose in\xe2\x80\xa6',b'RT Fav Actors From Respective Industries (Only One \xe2\x9d\xa4\xef\xb8\x8f Tollywood #Chiranjeevi Kollywood #RajiniKanth #KamalHassan #\xe2\x80\xa6',b'RT Economic curse given by Feku as he doesn\xe2\x80\x99t understand ABCD of economics . Slowdown Does the Narendra Modi govt even u\xe2\x80\xa6',b'RT Modi might be a Master in Entire Political Science but an Illiterate in Economics https://t.co/PD4fFjUNxU via _in',b'Response of BJP Leaders on Air Pollution Apocalypse Modi \xe2\x80\x9c.........\xe2\x80\x9d Yogi \xe2\x80\x9c..........\xe2\x80\x9d \xf0\x9f\x91\x89Javedkar \xe2\x80\x9cListen https://t.co/r5gkI3ifj4',b'RT _Jammu These \xf0\x9f\x91\x87Are Original Kashmiris All Hindu And They Unlike Fake Kashmiris In Kashmir Support Removal Of 370 Global Ka\xe2\x80\xa6',b'Economy liability lies only ON MODI GOVERNMENT IN RAJASTHAN Petrol Rs 7 costly Diesel Rs 3 https://t.co/QYR3Q3qWSw',b'RT Terror camps surrounding the area where #KartarpurCorridor is located. Well it\xe2\x80\x99s a masterstroke blunder by Modi Govt for som\xe2\x80\xa6',b'PM Modi holds talks with leaders of three key maritime neighbours of #India https://t.co/vLmgTQAPgN #india #feedly',b'RT Response of BJP Leaders on Air Pollution Apocalypse Modi \xe2\x80\x9c.........\xe2\x80\x9d Yogi \xe2\x80\x9c..........\xe2\x80\x9d \xf0\x9f\x91\x89J\xe2\x80\xa6',b'RT _rathee Response of BJP Leaders on Air Pollution Apocalypse Modi \xe2\x80\x9c.........\xe2\x80\x9d Yogi \xe2\x80\x9c..........\xe2\x80\x9d \xf0\x9f\x91\x89Javedkar \xe2\x80\x9cListen to mus\xe2\x80\xa6',b'RT _wallah Delhi is currently most secure place for Vijay Mallya and Nirav modi to take refugee.',b'India ranks 140th in Press Freedom in World List of 180 far below Congo Cameroon when we are not yet formally https://t.co/n9dAmpS1U1',b'RT _rathee Response of BJP Leaders on Air Pollution Apocalypse Modi \xe2\x80\x9c.........\xe2\x80\x9d Yogi \xe2\x80\x9c..........\xe2\x80\x9d \xf0\x9f\x91\x89Javedkar \xe2\x80\x9cListen to mus\xe2\x80\xa6',b'wire connect is enough to see through the hate boiling in ur heart For ur ilk journalism is blame everyt https://t.co/JaTYuzcNRa',b'RT _maamlat modi in his country vs foreign https://t.co/piURFrjwD3',b'RT _hanke The #IndianArmy is torturing innocent #Kashmiris &amp even broadcasting incidents over loudspeakers where screams are audibl\xe2\x80\xa6',b'RT _comrade Ok let me make try Bro From left to Right 1 Soma Modi 2 Prahlad Modi 3 Amrit Modi 4\xe2\x80\xa6',b'Killed 8 valkiries then the queen Mirked all 6 primordial ancients Freed 3 dragons Bodied Baldur Magni and modi https://t.co/XpruhohqMg',b'RT The Govt seeking WhatsAop\xe2\x80\x99s response on who bought Pegasus to spy on Indian citizens is like Modi asking Dassault who mad\xe2\x80\xa6',b'Has DIRECT BENEFIT TRANSFER Ended The Culture of Middlemen and Inefficiency Modi Says YES https://t.co/PQInhDtSuK https://t.co/0jiRi11DyB',b'The Political Fix Does the Modi government really expect foreign press to toe the Indian line https://t.co/lPaU3HKNOF...',b'RT Action of BJP leaders on Pollution \xf0\x9f\x93\x8dModi \xf0\x9f\xa4\x90 \xf0\x9f\x93\x8dYogi \xf0\x9f\xa4\x90 \xf0\x9f\x93\x8dPrakash Javadekar Listen to music \xf0\x9f\x93\x8dDr Harsh Vardhan Eat car\xe2\x80\xa6',b'RT _rathee Response of BJP Leaders on Air Pollution Apocalypse Modi \xe2\x80\x9c.........\xe2\x80\x9d Yogi \xe2\x80\x9c..........\xe2\x80\x9d \xf0\x9f\x91\x89Javedkar \xe2\x80\x9cListen to mus\xe2\x80\xa6',b'RT _rathee Response of BJP Leaders on Air Pollution Apocalypse Modi \xe2\x80\x9c.........\xe2\x80\x9d Yogi \xe2\x80\x9c..........\xe2\x80\x9d \xf0\x9f\x91\x89Javedkar \xe2\x80\x9cListen to mus\xe2\x80\xa6',b'RT _Jammu These \xf0\x9f\x91\x87Are Original Kashmiris All Hindu And They Unlike Fake Kashmiris In Kashmir Support Removal Of 370 Global Ka\xe2\x80\xa6',b'RT _rathee Response of BJP Leaders on Air Pollution Apocalypse Modi \xe2\x80\x9c.........\xe2\x80\x9d Yogi \xe2\x80\x9c..........\xe2\x80\x9d \xf0\x9f\x91\x89Javedkar \xe2\x80\x9cListen to mus\xe2\x80\xa6',b'RT Did north Indians vote to Modi in the name of Pollution/Development/Education etc? They voted Modi twice because they wanna\xe2\x80\xa6',b'RT No This is Modi effect.\xf0\x9f\x98\x82\xf0\x9f\x98\x82\xf0\x9f\x98\x82',b'Modi asleep at the wheel on Climate Change well tRump and bin Salman are his inspiration that says it all...',b'True not from India. For each and everything they want Modi to talk and discuss it with them The firs https://t.co/lAz09dUs9Z',b'RT _Dixit _IND I agree when people see\xe2\x80\xa6',"b'RT ""India eats,breathes&amp;lives on religion.But the RamMandir is no longer only abt Hindus building a temple dedicated to Ra\xe2\x80\xa6'",b'_Modi _u_My_life I avoid non veg \xf0\x9f\x98\x8a\xf0\x9f\x98\x8a',b'Am worried about Modi-Shah..Unfortunately they also hv to live in Delhi Do hi toh kaam ke politicians hai https://t.co/Jr33iv5SA2',b'RT _PMO Prime Minister Abe met Prime Minister Modi of India on the occasion of ASEAN Related Summits held in Bangkok Thailand #PMinA\xe2\x80\xa6',b'RT Speaking at the 50th anniversary of Aditya Birla Group\xe2\x80\x99s operations in Thailand he said India had stopped working in a ro\xe2\x80\xa6',b'RT _rathee Response of BJP Leaders on Air Pollution Apocalypse Modi \xe2\x80\x9c.........\xe2\x80\x9d Yogi \xe2\x80\x9c..........\xe2\x80\x9d \xf0\x9f\x91\x89Javedkar \xe2\x80\x9cListen to mus\xe2\x80\xa6',b'RT _rathee Response of BJP Leaders on Air Pollution Apocalypse Modi \xe2\x80\x9c.........\xe2\x80\x9d Yogi \xe2\x80\x9c..........\xe2\x80\x9d \xf0\x9f\x91\x89Javedkar \xe2\x80\x9cListen to mus\xe2\x80\xa6',"b'RT _roxs \xe2\x80\x9cGovindacharya,at one point was a co-travelling RSS pracharak with Narendra Modi.A famous RSS ideologue mentored by L.K A\xe2\x80\xa6'",b'RT _rathee Response of BJP Leaders on Air Pollution Apocalypse Modi \xe2\x80\x9c.........\xe2\x80\x9d Yogi \xe2\x80\x9c..........\xe2\x80\x9d \xf0\x9f\x91\x89Javedkar \xe2\x80\x9cListen to mus\xe2\x80\xa6',"b'I AM STRONG SUPPORTER OF MODI GOVT AND BJP BUT WHERE IS ""EASE OF BUSINESS AND DEVELOPMEN https://t.co/Uvj1Om41qZ'",b'RT _rathee Response of BJP Leaders on Air Pollution Apocalypse Modi \xe2\x80\x9c.........\xe2\x80\x9d Yogi \xe2\x80\x9c..........\xe2\x80\x9d \xf0\x9f\x91\x89Javedkar \xe2\x80\x9cListen to mus\xe2\x80\xa6',b'RT _rathee Response of BJP Leaders on Air Pollution Apocalypse Modi \xe2\x80\x9c.........\xe2\x80\x9d Yogi \xe2\x80\x9c..........\xe2\x80\x9d \xf0\x9f\x91\x89Javedkar \xe2\x80\x9cListen to mus\xe2\x80\xa6'
